{"v":"5.5.0","fr":30,"ip":0,"op":120,"w":1080,"h":1080,"nm":"Comp 1","ddd":0,"assets":[{"id":"comp_0","layers":[{"ddd":0,"ind":1,"ty":4,"nm":"dot/tick mark Outlines 2","sr":1,"ks":{"o":{"a":1,"k":[{"i":{"x":[0.667],"y":[1]},"o":{"x":[0.333],"y":[0]},"t":60.001,"s":[0]},{"i":{"x":[0.667],"y":[1]},"o":{"x":[0.333],"y":[0]},"t":67.001,"s":[100]},{"i":{"x":[0.667],"y":[1]},"o":{"x":[0.333],"y":[0]},"t":75.001,"s":[100]},{"t":82.0007473266364,"s":[0]}],"ix":11},"r":{"a":0,"k":180,"ix":10},"p":{"a":1,"k":[{"i":{"x":0.208,"y":1},"o":{"x":0.133,"y":0},"t":60.001,"s":[540,540,0],"to":[-43.333,0,0],"ti":[43.333,0,0]},{"t":82.0007473266364,"s":[280,540,0]}],"ix":2},"a":{"a":0,"k":[540,540,0],"ix":1},"s":{"a":0,"k":[100,100,100],"ix":6}},"ao":0,"shapes":[{"ty":"gr","it":[{"ind":0,"ty":"sh","ix":1,"ks":{"a":0,"k":{"i":[[0,-11.046],[11.046,0],[0,11.046],[-11.046,0]],"o":[[0,11.046],[-11.046,0],[0,-11.046],[11.046,0]],"v":[[20,0],[0,20],[-20,0],[0,-20]],"c":true},"ix":2},"nm":"Path 1","mn":"ADBE Vector Shape - Group","hd":false},{"ty":"fl","c":{"a":0,"k":[0.9333333333333333,0.21568627450980393,0.41568627450980394,1],"ix":4},"o":{"a":0,"k":100,"ix":5},"r":1,"bm":0,"nm":"Fill 1","mn":"ADBE Vector Graphic - Fill","hd":false},{"ty":"tr","p":{"a":0,"k":[743.5,540],"ix":2},"a":{"a":0,"k":[0,0],"ix":1},"s":{"a":0,"k":[100,100],"ix":3},"r":{"a":0,"k":0,"ix":6},"o":{"a":0,"k":100,"ix":7},"sk":{"a":0,"k":0,"ix":4},"sa":{"a":0,"k":0,"ix":5},"nm":"Transform"}],"nm":"Group 1","np":2,"cix":2,"bm":0,"ix":1,"mn":"ADBE Vector Group","hd":false}],"ip":0,"op":121.001102762476,"st":0,"bm":0},{"ddd":0,"ind":2,"ty":4,"nm":"dot/tick mark Outlines 3","sr":1,"ks":{"o":{"a":1,"k":[{"i":{"x":[0.667],"y":[1]},"o":{"x":[0.333],"y":[0]},"t":60.001,"s":[0]},{"i":{"x":[0.667],"y":[1]},"o":{"x":[0.333],"y":[0]},"t":67.001,"s":[100]},{"i":{"x":[0.667],"y":[1]},"o":{"x":[0.333],"y":[0]},"t":75.001,"s":[100]},{"t":82.0007473266364,"s":[0]}],"ix":11},"r":{"a":0,"k":0,"ix":10},"p":{"a":1,"k":[{"i":{"x":0.208,"y":1},"o":{"x":0.133,"y":0},"t":60.001,"s":[540,540,0],"to":[43.333,0,0],"ti":[-43.333,0,0]},{"t":82.0007473266364,"s":[800,540,0]}],"ix":2},"a":{"a":0,"k":[540,540,0],"ix":1},"s":{"a":0,"k":[100,100,100],"ix":6}},"ao":0,"shapes":[{"ty":"gr","it":[{"ind":0,"ty":"sh","ix":1,"ks":{"a":0,"k":{"i":[[0,-11.046],[11.046,0],[0,11.046],[-11.046,0]],"o":[[0,11.046],[-11.046,0],[0,-11.046],[11.046,0]],"v":[[20,0],[0,20],[-20,0],[0,-20]],"c":true},"ix":2},"nm":"Path 1","mn":"ADBE Vector Shape - Group","hd":false},{"ty":"fl","c":{"a":0,"k":[0,0.4549019607843137,0.9098039215686274,1],"ix":4},"o":{"a":0,"k":100,"ix":5},"r":1,"bm":0,"nm":"Fill 1","mn":"ADBE Vector Graphic - Fill","hd":false},{"ty":"tr","p":{"a":0,"k":[743.5,540],"ix":2},"a":{"a":0,"k":[0,0],"ix":1},"s":{"a":0,"k":[100,100],"ix":3},"r":{"a":0,"k":0,"ix":6},"o":{"a":0,"k":100,"ix":7},"sk":{"a":0,"k":0,"ix":4},"sa":{"a":0,"k":0,"ix":5},"nm":"Transform"}],"nm":"Group 1","np":2,"cix":2,"bm":0,"ix":1,"mn":"ADBE Vector Group","hd":false}],"ip":0,"op":121.001102762476,"st":0,"bm":0},{"ddd":0,"ind":3,"ty":4,"nm":"dot/tick mark Outlines 4","sr":1,"ks":{"o":{"a":1,"k":[{"i":{"x":[0.667],"y":[1]},"o":{"x":[0.333],"y":[0]},"t":60.001,"s":[0]},{"i":{"x":[0.667],"y":[1]},"o":{"x":[0.333],"y":[0]},"t":67.001,"s":[100]},{"i":{"x":[0.667],"y":[1]},"o":{"x":[0.333],"y":[0]},"t":75.001,"s":[100]},{"t":82.0007473266364,"s":[0]}],"ix":11},"r":{"a":0,"k":-90,"ix":10},"p":{"a":1,"k":[{"i":{"x":0.208,"y":1},"o":{"x":0.133,"y":0},"t":60.001,"s":[540,540,0],"to":[0,-46.667,0],"ti":[0,46.667,0]},{"t":82.0007473266364,"s":[540,260,0]}],"ix":2},"a":{"a":0,"k":[540,540,0],"ix":1},"s":{"a":0,"k":[100,100,100],"ix":6}},"ao":0,"shapes":[{"ty":"gr","it":[{"ind":0,"ty":"sh","ix":1,"ks":{"a":0,"k":{"i":[[0,-11.046],[11.046,0],[0,11.046],[-11.046,0]],"o":[[0,11.046],[-11.046,0],[0,-11.046],[11.046,0]],"v":[[20,0],[0,20],[-20,0],[0,-20]],"c":true},"ix":2},"nm":"Path 1","mn":"ADBE Vector Shape - Group","hd":false},{"ty":"fl","c":{"a":0,"k":[0.6941176470588235,0.5647058823529412,1,1],"ix":4},"o":{"a":0,"k":100,"ix":5},"r":1,"bm":0,"nm":"Fill 1","mn":"ADBE Vector Graphic - Fill","hd":false},{"ty":"tr","p":{"a":0,"k":[743.5,540],"ix":2},"a":{"a":0,"k":[0,0],"ix":1},"s":{"a":0,"k":[100,100],"ix":3},"r":{"a":0,"k":0,"ix":6},"o":{"a":0,"k":100,"ix":7},"sk":{"a":0,"k":0,"ix":4},"sa":{"a":0,"k":0,"ix":5},"nm":"Transform"}],"nm":"Group 1","np":2,"cix":2,"bm":0,"ix":1,"mn":"ADBE Vector Group","hd":false}],"ip":0,"op":121.001102762476,"st":0,"bm":0},{"ddd":0,"ind":4,"ty":4,"nm":"dot/tick mark Outlines","sr":1,"ks":{"o":{"a":1,"k":[{"i":{"x":[0.667],"y":[1]},"o":{"x":[0.333],"y":[0]},"t":60.001,"s":[0]},{"i":{"x":[0.667],"y":[1]},"o":{"x":[0.333],"y":[0]},"t":67.001,"s":[100]},{"i":{"x":[0.667],"y":[1]},"o":{"x":[0.333],"y":[0]},"t":75.001,"s":[100]},{"t":82.0007473266364,"s":[0]}],"ix":11},"r":{"a":0,"k":0,"ix":10},"p":{"a":1,"k":[{"i":{"x":0.208,"y":1},"o":{"x":0.133,"y":0},"t":60.001,"s":[540,540,0],"to":[43.333,0,0],"ti":[-43.333,0,0]},{"t":82.0007473266364,"s":[800,540,0]}],"ix":2},"a":{"a":0,"k":[540,540,0],"ix":1},"s":{"a":0,"k":[100,100,100],"ix":6}},"ao":0,"shapes":[{"ty":"gr","it":[{"ind":0,"ty":"sh","ix":1,"ks":{"a":0,"k":{"i":[[0,-11.046],[11.046,0],[0,11.046],[-11.046,0]],"o":[[0,11.046],[-11.046,0],[0,-11.046],[11.046,0]],"v":[[20,0],[0,20],[-20,0],[0,-20]],"c":true},"ix":2},"nm":"Path 1","mn":"ADBE Vector Shape - Group","hd":false},{"ty":"fl","c":{"a":0,"k":[0.298039215686,0.788235294118,0.941176470588,1],"ix":4},"o":{"a":0,"k":100,"ix":5},"r":1,"bm":0,"nm":"Fill 1","mn":"ADBE Vector Graphic - Fill","hd":false},{"ty":"tr","p":{"a":0,"k":[743.5,540],"ix":2},"a":{"a":0,"k":[0,0],"ix":1},"s":{"a":0,"k":[100,100],"ix":3},"r":{"a":0,"k":0,"ix":6},"o":{"a":0,"k":100,"ix":7},"sk":{"a":0,"k":0,"ix":4},"sa":{"a":0,"k":0,"ix":5},"nm":"Transform"}],"nm":"Group 1","np":2,"cix":2,"bm":0,"ix":1,"mn":"ADBE Vector Group","hd":false}],"ip":0,"op":121.001102762476,"st":0,"bm":0},{"ddd":0,"ind":5,"ty":4,"nm":"dot/tick mark Outlines 5","sr":1,"ks":{"o":{"a":1,"k":[{"i":{"x":[0.667],"y":[1]},"o":{"x":[0.333],"y":[0]},"t":60.001,"s":[0]},{"i":{"x":[0.667],"y":[1]},"o":{"x":[0.333],"y":[0]},"t":67.001,"s":[100]},{"i":{"x":[0.667],"y":[1]},"o":{"x":[0.333],"y":[0]},"t":75.001,"s":[100]},{"t":82.0007473266364,"s":[0]}],"ix":11},"r":{"a":0,"k":90,"ix":10},"p":{"a":1,"k":[{"i":{"x":0.208,"y":1},"o":{"x":0.133,"y":0},"t":60.001,"s":[540,540,0],"to":[0,43.333,0],"ti":[0,-43.333,0]},{"t":82.0007473266364,"s":[540,800,0]}],"ix":2},"a":{"a":0,"k":[540,540,0],"ix":1},"s":{"a":0,"k":[100,100,100],"ix":6}},"ao":0,"shapes":[{"ty":"gr","it":[{"ind":0,"ty":"sh","ix":1,"ks":{"a":0,"k":{"i":[[0,-11.046],[11.046,0],[0,11.046],[-11.046,0]],"o":[[0,11.046],[-11.046,0],[0,-11.046],[11.046,0]],"v":[[20,0],[0,20],[-20,0],[0,-20]],"c":true},"ix":2},"nm":"Path 1","mn":"ADBE Vector Shape - Group","hd":false},{"ty":"fl","c":{"a":0,"k":[0.2823529411764706,0.8352941176470589,0.7764705882352941,1],"ix":4},"o":{"a":0,"k":100,"ix":5},"r":1,"bm":0,"nm":"Fill 1","mn":"ADBE Vector Graphic - Fill","hd":false},{"ty":"tr","p":{"a":0,"k":[743.5,540],"ix":2},"a":{"a":0,"k":[0,0],"ix":1},"s":{"a":0,"k":[100,100],"ix":3},"r":{"a":0,"k":0,"ix":6},"o":{"a":0,"k":100,"ix":7},"sk":{"a":0,"k":0,"ix":4},"sa":{"a":0,"k":0,"ix":5},"nm":"Transform"}],"nm":"Group 1","np":2,"cix":2,"bm":0,"ix":1,"mn":"ADBE Vector Group","hd":false}],"ip":0,"op":121.001102762476,"st":0,"bm":0}]}],"layers":[{"ddd":0,"ind":1,"ty":4,"nm":"tivk/tick mark Outlines","td":1,"sr":1,"ks":{"o":{"a":0,"k":100,"ix":11},"r":{"a":0,"k":0,"ix":10},"p":{"a":0,"k":[540,540,0],"ix":2},"a":{"a":0,"k":[540,540,0],"ix":1},"s":{"a":1,"k":[{"i":{"x":[0.833,0.833,0.833],"y":[0.833,0.833,0.833]},"o":{"x":[0.167,0.167,0.167],"y":[0.167,0.167,0.167]},"t":0,"s":[0,0,100]},{"t":60.0005468243681,"s":[100,100,100]}],"ix":6}},"ao":0,"shapes":[{"ty":"gr","it":[{"ind":0,"ty":"sh","ix":1,"ks":{"a":0,"k":{"i":[[0,0],[0,0],[-3.275,3.275],[-3.275,-3.275],[0,0],[0,0],[-3.275,-3.276],[3.275,-3.276]],"o":[[0,0],[-3.275,-3.275],[3.275,-3.275],[0,0],[0,0],[3.275,-3.276],[3.276,3.275],[0,0]],"v":[[-22.155,53.346],[-69.401,6.101],[-69.401,-5.76],[-57.54,-5.76],[-22.155,29.625],[57.541,-50.07],[69.401,-50.07],[69.401,-38.209]],"c":true},"ix":2},"nm":"Path 1","mn":"ADBE Vector Shape - Group","hd":false},{"ty":"fl","c":{"a":0,"k":[0.999999820485,0.999999760646,0.999999820485,1],"ix":4},"o":{"a":0,"k":100,"ix":5},"r":1,"bm":0,"nm":"Fill 1","mn":"ADBE Vector Graphic - Fill","hd":false},{"ty":"tr","p":{"a":0,"k":[532.501,539.59],"ix":2},"a":{"a":0,"k":[0,0],"ix":1},"s":{"a":0,"k":[100,100],"ix":3},"r":{"a":0,"k":0,"ix":6},"o":{"a":0,"k":100,"ix":7},"sk":{"a":0,"k":0,"ix":4},"sa":{"a":0,"k":0,"ix":5},"nm":"Transform"}],"nm":"Group 1","np":2,"cix":2,"bm":0,"ix":1,"mn":"ADBE Vector Group","hd":false}],"ip":0,"op":121.001102762476,"st":0,"bm":0},{"ddd":0,"ind":2,"ty":4,"nm":"Shape Layer 1","parent":1,"tt":1,"sr":1,"ks":{"o":{"a":0,"k":100,"ix":11},"r":{"a":0,"k":0,"ix":10},"p":{"a":0,"k":[540,540,0],"ix":2},"a":{"a":0,"k":[0,0,0],"ix":1},"s":{"a":0,"k":[100,100,100],"ix":6}},"ao":0,"shapes":[{"ty":"gr","it":[{"ind":0,"ty":"sh","ix":1,"ks":{"a":0,"k":{"i":[[0,0],[0,0],[0,0]],"o":[[0,0],[0,0],[0,0]],"v":[[-82,-11],[-29,42],[65.5,-52.5]],"c":false},"ix":2},"nm":"Path 1","mn":"ADBE Vector Shape - Group","hd":false},{"ty":"st","c":{"a":0,"k":[1,1,1,1],"ix":3},"o":{"a":0,"k":100,"ix":4},"w":{"a":0,"k":20,"ix":5},"lc":2,"lj":1,"ml":4,"bm":0,"nm":"Stroke 1","mn":"ADBE Vector Graphic - Stroke","hd":false},{"ty":"tr","p":{"a":0,"k":[0,0],"ix":2},"a":{"a":0,"k":[0,0],"ix":1},"s":{"a":0,"k":[100,100],"ix":3},"r":{"a":0,"k":0,"ix":6},"o":{"a":0,"k":100,"ix":7},"sk":{"a":0,"k":0,"ix":4},"sa":{"a":0,"k":0,"ix":5},"nm":"Transform"}],"nm":"Shape 1","np":3,"cix":2,"bm":0,"ix":1,"mn":"ADBE Vector Group","hd":false},{"ty":"tm","s":{"a":0,"k":0,"ix":1},"e":{"a":1,"k":[{"i":{"x":[0.135],"y":[1]},"o":{"x":[0.934],"y":[0]},"t":30,"s":[0]},{"t":60.0005468243681,"s":[100]}],"ix":2},"o":{"a":0,"k":0,"ix":3},"m":1,"ix":2,"nm":"Trim Paths 1","mn":"ADBE Vector Filter - Trim","hd":false}],"ip":0,"op":121.001102762476,"st":0,"bm":0},{"ddd":0,"ind":3,"ty":4,"nm":"background/tick mark Outlines","sr":1,"ks":{"o":{"a":0,"k":100,"ix":11},"r":{"a":1,"k":[{"i":{"x":[0.349],"y":[1]},"o":{"x":[0.671],"y":[0.002]},"t":0,"s":[-180]},{"t":60.0005468243681,"s":[0]}],"ix":10},"p":{"a":0,"k":[540,540,0],"ix":2},"a":{"a":0,"k":[540,540,0],"ix":1},"s":{"a":1,"k":[{"i":{"x":[0.349,0.349,0.667],"y":[1,1,1]},"o":{"x":[0.671,0.671,0.333],"y":[0.004,0.004,0]},"t":0,"s":[0,0,100]},{"t":60.0005468243681,"s":[100,100,100]}],"ix":6}},"ao":0,"shapes":[{"ty":"gr","it":[{"ind":0,"ty":"sh","ix":1,"ks":{"a":0,"k":{"i":[[-15.633,-19.34],[0,0],[-14.921,4.012],[-1.28,-24.836],[-14.43,-5.524],[13.562,-20.845],[-8.426,-12.951],[23.224,-8.892],[0.795,-15.431],[24.016,6.458],[9.713,-12.017],[15.634,19.339],[14.921,-4.011],[1.28,24.835],[14.429,5.525],[-13.562,20.845],[8.427,12.951],[-23.224,8.893],[-0.795,15.43],[-24.015,-6.457],[-9.713,12.016]],"o":[[0,0],[9.713,12.016],[24.016,-6.457],[0.795,15.43],[23.224,8.893],[-8.426,12.951],[13.562,20.845],[-14.43,5.525],[-1.28,24.835],[-14.921,-4.011],[-15.633,19.339],[-9.713,-12.017],[-24.015,6.458],[-0.795,-15.431],[-23.224,-8.892],[8.427,-12.951],[-13.562,-20.845],[14.429,-5.524],[1.28,-24.836],[14.921,4.012],[15.634,-19.34]],"v":[[30.377,-162.422],[30.377,-162.422],[70.894,-149.257],[120.044,-113.547],[145.086,-79.081],[163.859,-21.301],[163.859,21.302],[145.086,79.081],[120.044,113.548],[70.894,149.257],[30.377,162.423],[-30.376,162.423],[-70.895,149.257],[-120.044,113.548],[-145.085,79.081],[-163.859,21.302],[-163.859,-21.301],[-145.085,-79.081],[-120.044,-113.547],[-70.895,-149.257],[-30.376,-162.422]],"c":true},"ix":2},"nm":"Path 1","mn":"ADBE Vector Shape - Group","hd":false},{"ty":"fl","c":{"a":0,"k":[0.49019607843137253,0.7450980392156863,0.10588235294117647,1],"ix":4},"o":{"a":0,"k":100,"ix":5},"r":1,"bm":0,"nm":"Fill 1","mn":"ADBE Vector Graphic - Fill","hd":false},{"ty":"tr","p":{"a":0,"k":[532.5,540],"ix":2},"a":{"a":0,"k":[0,0],"ix":1},"s":{"a":0,"k":[100,100],"ix":3},"r":{"a":0,"k":0,"ix":6},"o":{"a":0,"k":100,"ix":7},"sk":{"a":0,"k":0,"ix":4},"sa":{"a":0,"k":0,"ix":5},"nm":"Transform"}],"nm":"Group 1","np":2,"cix":2,"bm":0,"ix":1,"mn":"ADBE Vector Group","hd":false}],"ip":0,"op":121.001102762476,"st":0,"bm":0},{"ddd":0,"ind":4,"ty":0,"nm":"dots","refId":"comp_0","sr":1,"ks":{"o":{"a":0,"k":100,"ix":11},"r":{"a":0,"k":67.5,"ix":10},"p":{"a":0,"k":[540,540,0],"ix":2},"a":{"a":0,"k":[540,540,0],"ix":1},"s":{"a":0,"k":[80,80,100],"ix":6}},"ao":0,"w":1080,"h":1080,"ip":3.00002734121841,"op":124.001130103694,"st":3.00002734121841,"bm":0},{"ddd":0,"ind":5,"ty":0,"nm":"dots","refId":"comp_0","sr":1,"ks":{"o":{"a":0,"k":100,"ix":11},"r":{"a":0,"k":22.5,"ix":10},"p":{"a":0,"k":[540,540,0],"ix":2},"a":{"a":0,"k":[540,540,0],"ix":1},"s":{"a":0,"k":[80,80,100],"ix":6}},"ao":0,"w":1080,"h":1080,"ip":0,"op":121.001102762476,"st":0,"bm":0},{"ddd":0,"ind":6,"ty":0,"nm":"dots","refId":"comp_0","sr":1,"ks":{"o":{"a":0,"k":100,"ix":11},"r":{"a":0,"k":0,"ix":10},"p":{"a":0,"k":[540,540,0],"ix":2},"a":{"a":0,"k":[540,540,0],"ix":1},"s":{"a":0,"k":[100,100,100],"ix":6}},"ao":0,"w":1080,"h":1080,"ip":-7.00006379617628,"op":114.001038966299,"st":-7.00006379617628,"bm":0},{"ddd":0,"ind":7,"ty":0,"nm":"dots","refId":"comp_0","sr":1,"ks":{"o":{"a":0,"k":100,"ix":11},"r":{"a":0,"k":45,"ix":10},"p":{"a":0,"k":[540,540,0],"ix":2},"a":{"a":0,"k":[540,540,0],"ix":1},"s":{"a":0,"k":[100,100,100],"ix":6}},"ao":0,"w":1080,"h":1080,"ip":-4.00003645495787,"op":117.001066307518,"st":-4.00003645495787,"bm":0}],"markers":[]}